timestamp,rss_bytes
1784594727.409921,13926400
1784594727.6647449,13926400
1784594727.919708,13926400
1784594728.1746838,13942784
1784594728.4279711,13942784
1784594728.6829782,13959168
1784594728.937943,13959168
1784594729.1927528,13975552
1784594729.4457128,14024704
1784594729.700691,14139392
1784594729.955671,14139392
1784594730.2099571,14139392
1784594730.464968,14155776
1784594730.719944,14155776
1784594730.9716759,14155776
1784594731.226233,14204928
1784594731.477773,14221312
1784594731.728147,14237696
1784594731.9827552,14237696
1784594732.23283,14385152
1784594732.487839,14385152
1784594732.741386,14385152
1784594732.9964402,14401536
1784594733.251488,14401536
1784594733.506075,14417920
1784594733.757077,14417920
1784594734.0118332,14417920
1784594734.266836,14417920
1784594734.521887,14417920
1784594734.776143,14434304
1784594735.029867,14450688
1784594735.283238,14450688
1784594735.538252,14450688
1784594735.793282,14450688
1784594736.0451,14450688
1784594736.298719,14467072
1784594736.553341,14467072
1784594736.80838,14483456
1784594737.063375,14483456
1784594737.318368,14483456
1784594737.573376,14483456
1784594737.824238,14483456
1784594738.078576,14483456
1784594738.332533,14483456
1784594738.58614,14483456
1784594738.841156,14483456
1784594739.0950341,14483456
1784594739.348911,14483456
1784594739.603925,14499840
1784594739.8563259,14499840
1784594740.107093,14499840
1784594740.3574662,14499840
1784594740.612546,14581760
1784594740.867626,14581760
1784594741.118967,14581760
1784594741.373557,14581760
1784594741.6286342,14598144
1784594741.883687,14598144
1784594742.138746,14598144
1784594742.393703,14598144
1784594742.648265,14614528
1784594742.903281,14614528
1784594743.1565208,14614528
1784594743.407435,14614528
1784594743.662462,14614528
1784594743.914728,14614528
1784594744.169796,14614528
1784594744.421997,14614528
1784594744.677098,14630912
1784594744.93217,14630912
1784594745.1872241,14647296
1784594745.4423192,14663680
1784594745.693165,14663680
1784594745.946163,14663680
1784594746.2012239,14663680
1784594746.456092,14680064
1784594746.711182,14680064
1784594746.9662862,14680064
1784594747.217963,14680064
1784594747.472575,14680064
1784594747.727659,14680064
1784594747.980812,14680064
1784594748.2309928,14680064
1784594748.484712,14680064
1784594748.737043,14680064
1784594748.992146,14680064
1784594749.242699,14680064
1784594749.494784,14712832
1784594749.749826,14729216
1784594750.000941,14729216
1784594750.255971,14729216
1784594750.5110312,14729216
1784594750.763393,14729216
1784594751.013779,14729216
1784594751.26888,14729216
1784594751.5238578,14729216
1784594751.775807,14745600
1784594752.0303628,14745600
1784594752.280712,14745600
1784594752.534046,14745600
1784594752.789171,14745600
1784594753.039316,14745600
1784594753.293567,14745600
1784594753.548485,14745600
1784594753.803618,14761984
1784594754.057748,14794752
1784594754.312869,14811136
1784594754.5646698,14811136
1784594754.819266,14811136
1784594755.07439,14811136
1784594755.329545,14811136
1784594755.580035,14811136
1784594755.833768,14811136
1784594756.088924,14811136
1784594756.343155,14811136
1784594756.596624,14811136
1784594756.848902,14811136
1784594757.100953,14811136
1784594757.355917,14811136
1784594757.6110442,14811136
1784594757.8631601,14811136
1784594758.1157482,14811136
1784594758.370908,14811136
1784594758.624738,14811136
1784594758.8798358,14811136
1784594759.1349251,14811136
1784594759.3900402,14811136
1784594759.645139,14811136
1784594759.898321,14811136
1784594760.153464,14761984
1784594760.405799,14761984
1784594760.656449,14761984
1784594760.907292,14761984
1784594761.158587,14761984
1784594761.4117482,14761984
1784594761.662957,14761984
1784594761.916676,14761984
1784594762.1717901,14761984
1784594762.4255328,14761984
1784594762.676374,14794752
1784594762.931247,14794752
1784594763.182237,14794752
1784594763.4373891,14794752
1784594763.687871,14794752
1784594763.941281,14794752
1784594764.1954718,14794752
1784594764.450575,14794752
1784594764.705346,14794752
1784594764.960474,14794752
1784594765.215586,14794752
1784594765.470707,14794752
1784594765.7258382,14794752
1784594765.9809651,14794752
1784594766.236109,14794752
1784594766.491245,14794752
1784594766.746335,14794752
1784594767.001408,14794752
1784594767.25261,14794752
1784594767.5043352,14794752
1784594767.756201,14794752
1784594768.007787,14794752
1784594768.2580469,14794752
1784594768.51266,14794752
1784594768.76739,14794752
1784594769.020938,14794752
1784594769.272987,14794752
1784594769.528082,14794752
1784594769.783167,14794752
1784594770.038267,14794752
1784594770.2933571,14794752
1784594770.548447,14794752
1784594770.799563,14794752
1784594771.053886,14794752
1784594771.30492,14794752
1784594771.560051,14811136
1784594771.810934,14811136
1784594772.062439,14827520
1784594772.3175318,14827520
1784594772.5681899,14827520
1784594772.823324,14827520
1784594773.076125,14827520
1784594773.3282108,14827520
1784594773.578985,14827520
1784594773.830291,14827520
1784594774.083016,14827520
1784594774.338141,14827520
1784594774.5932171,14827520
1784594774.84835,14827520
1784594775.103542,14827520
1784594775.354082,14827520
1784594775.6056252,14827520
1784594775.859853,14925824
1784594776.114261,15155200
1784594776.368742,15204352
1784594776.622022,15220736
1784594776.873609,15220736
1784594777.125487,15220736
1784594777.380638,15220736
1784594777.632253,15220736
1784594777.887328,15220736
1784594778.139178,15220736
1784594778.389941,15220736
1784594778.645057,15220736
1784594778.900167,15237120
1784594779.154002,15237120
1784594779.4091918,15351808
1784594779.664311,15368192
1784594779.9182851,15368192
1784594780.171645,15368192
1784594780.426739,15368192
1784594780.681855,15368192
1784594780.9369469,15368192
1784594781.1873221,15368192
1784594781.440434,15368192
1784594781.695534,15384576
1784594781.9506052,15400960
1784594782.203947,15400960
1784594782.457052,15417344
1784594782.712176,15450112
1784594782.966021,15450112
1784594783.2211368,15450112
1784594783.474344,15450112
1784594783.727942,15450112
1784594783.97991,15450112
1784594784.234988,15450112
1784594784.490071,15450112
1784594784.7451909,15466496
1784594784.9968379,15466496
1784594785.2474391,15466496
1784594785.499169,15466496
1784594785.754226,15466496
1784594786.00667,15466496
1784594786.257186,15482880
1784594786.512201,15482880
1784594786.7672892,15482880
1784594787.0223758,15482880
1784594787.2771661,15499264
1784594787.529313,15499264
1784594787.784408,15515648
1784594788.037187,15515648
1784594788.292275,15515648
1784594788.545507,15515648
1784594788.799304,15515648
1784594789.051873,15515648
1784594789.3069708,15515648
1784594789.5604181,15515648
1784594789.8155131,15515648
1784594790.0704901,15515648
1784594790.325622,15515648
1784594790.575839,15515648
1784594790.8265688,15515648
1784594791.081652,15515648
1784594791.3365839,15515648
1784594791.5876029,15515648
1784594791.840333,15515648
1784594792.094754,15515648
1784594792.349866,15515648
1784594792.6037729,15515648
1784594792.858853,15515648
1784594793.1131468,15515648
1784594793.367032,15515648
1784594793.620033,15532032
1784594793.874144,15532032
1784594794.128769,15532032
1784594794.380787,15532032
1784594794.633096,15532032
1784594794.888226,15532032
1784594795.138958,15532032
1784594795.390742,15532032
1784594795.645869,15532032
1784594795.900799,15548416
1784594796.1525881,15548416
1784594796.403018,15548416
1784594796.658101,15548416
1784594796.912069,15548416
1784594797.1646469,15548416
1784594797.419744,15548416
1784594797.670372,15548416
1784594797.9216168,15548416
1784594798.1767309,15548416
1784594798.431838,15548416
1784594798.686903,15548416
1784594798.942008,15548416
1784594799.195384,15548416
1784594799.45051,15548416
1784594799.704584,15548416
1784594799.959727,15548416
1784594800.212043,15548416
1784594800.467217,15548416
1784594800.7180202,15548416
1784594800.970366,15548416
1784594801.224897,15581184
1784594801.478692,15581184
1784594801.73243,15581184
1784594801.987564,15581184
1784594802.238977,15597568
1784594802.494067,15597568
1784594802.749208,15597568
1784594803.0027468,15597568
1784594803.253682,15597568
1784594803.508481,15597568
1784594803.7620249,15597568
1784594804.01334,15597568
1784594804.265739,15597568
1784594804.5208251,15597568
1784594804.771511,15597568
1784594805.026646,15597568
1784594805.277378,15597568
1784594805.528654,15597568
1784594805.781446,15613952
1784594806.0360398,15613952
1784594806.2878,15613952
1784594806.542572,15613952
1784594806.793293,15613952
1784594807.045315,15613952
1784594807.3004632,15613952
1784594807.552768,15613952
1784594807.808173,15613952
1784594808.0619688,15613952
1784594808.315723,15613952
1784594808.569921,15613952
1784594808.82029,15613952
1784594809.075407,15613952
1784594809.330573,15613952
1784594809.582377,15613952
1784594809.837002,15613952
1784594810.092139,15613952
1784594810.3443542,15613952
1784594810.595278,15630336
1784594810.8504372,15630336
1784594811.105591,15630336
1784594811.360708,15630336
1784594811.6157892,15630336
1784594811.87088,15630336
1784594812.125969,15630336
1784594812.3810549,15630336
1784594812.635884,15630336
1784594812.89094,15630336
1784594813.144601,15630336
1784594813.399668,15646720
1784594813.65292,15646720
1784594813.9079869,15646720
1784594814.163042,15646720
1784594814.4156191,15663104
1784594814.67067,15663104
1784594814.9257479,15646720
1784594815.180867,15646720
1784594815.43397,15646720
1784594815.689097,15646720
1784594815.940625,15646720
1784594816.193934,15646720
1784594816.446434,15646720
1784594816.6998909,15646720
1784594816.95457,15646720
1784594817.2070131,15646720
1784594817.461864,15646720
1784594817.716945,15663104
1784594817.97026,15663104
1784594818.225405,15663104
1784594818.4769669,15663104
1784594818.728545,15663104
1784594818.983623,15663104
1784594819.234385,15663104
1784594819.486878,15663104
1784594819.73856,15679488
1784594819.993644,15679488
1784594820.2482,15679488
1784594820.50157,15679488
1784594820.7535648,15679488
1784594821.006687,15695872
1784594821.2588868,15712256
1784594821.5139751,15712256
1784594821.769108,15712256
1784594822.021763,15712256
1784594822.274991,15712256
1784594822.528026,15712256
1784594822.782274,15712256
1784594823.036855,15712256
1784594823.291939,15761408
1784594823.545164,15761408
1784594823.800234,15761408
1784594824.055021,15761408
1784594824.31008,15761408
1784594824.561692,15761408
1784594824.8118348,15761408
1784594825.066952,15761408
1784594825.319762,15761408
1784594825.57024,15761408
1784594825.823392,15761408
1784594826.076876,15761408
1784594826.3285792,15761408
1784594826.5800488,15761408
1784594826.832375,15761408
1784594827.086915,15761408
1784594827.33794,15761408
1784594827.589483,15761408
1784594827.840074,15761408
1784594828.0951612,15761408
1784594828.3488798,15761408
1784594828.603497,15761408
1784594828.8572228,15761408
1784594829.1123,15761408
1784594829.3673759,15761408
1784594829.619135,15761408
1784594829.873885,15761408
1784594830.128481,15761408
1784594830.379732,15761408
1784594830.6317608,15761408
1784594830.886823,15777792
1784594831.140537,15777792
1784594831.395434,15777792
1784594831.650524,15777792
1784594831.902891,15777792
1784594832.1555278,15777792
1784594832.409936,15777792
1784594832.660844,15777792
1784594832.915949,15777792
1784594833.170134,15777792
1784594833.42526,15777792
1784594833.680373,15777792
1784594833.933689,15777792
1784594834.1841972,15777792
1784594834.436791,15777792
1784594834.689931,15777792
1784594834.944778,15777792
1784594835.199928,15777792
1784594835.454412,15777792
1784594835.7095811,15777792
1784594835.961772,15777792
1784594836.216882,15777792
1784594836.471089,15777792
1784594836.726152,15777792
1784594836.978267,15777792
1784594837.2334878,15777792
1784594837.48862,15777792
1784594837.743778,15777792
1784594837.994128,15777792
1784594838.249245,15777792
1784594838.504355,15777792
1784594838.759413,15777792
1784594839.011737,15777792
1784594839.2668009,15777792
1784594839.521919,15777792
1784594839.7721431,15777792
1784594840.0272279,15777792
1784594840.279737,15777792
1784594840.534865,15777792
1784594840.790085,15777792
1784594841.0451012,15777792
1784594841.300262,15777792
1784594841.553608,15777792
1784594841.808737,15777792
1784594842.062408,15777792
1784594842.317564,15777792
1784594842.570428,15777792
1784594842.8256068,15777792
1784594843.0770612,15777792
1784594843.332216,15777792
1784594843.5867388,15777792
1784594843.837985,15777792
1784594844.0918632,15777792
1784594844.345045,15777792
1784594844.600141,15777792
1784594844.8552582,15777792
1784594845.1103811,15777792
1784594845.365506,15777792
1784594845.620057,15777792
1784594845.8751612,15777792
1784594846.1302478,15777792
1784594846.3853781,15777792
1784594846.640501,15777792
1784594846.895631,15777792
1784594847.1488042,15777792
1784594847.403928,15777792
1784594847.6571321,15777792
1784594847.912286,15777792
1784594848.167041,15777792
1784594848.4221828,15777792
1784594848.676308,15777792
1784594848.931479,15777792
1784594849.185374,15777792
1784594849.440528,15761408
1784594849.695643,15761408
1784594849.950778,15761408
1784594850.205893,15761408
1784594850.460333,15761408
1784594850.712616,15761408
1784594850.967828,15761408
1784594851.2229528,15761408
1784594851.4773362,15761408
1784594851.728624,15761408
1784594851.982559,15761408
1784594852.235717,15761408
1784594852.486675,15761408
1784594852.741659,15761408
1784594852.996835,15761408
1784594853.250104,15761408
1784594853.503405,15761408
1784594853.754436,15761408
1784594854.009568,15761408
1784594854.2638578,15761408
1784594854.514313,15761408
1784594854.764477,15761408
1784594855.0188742,15761408
1784594855.274005,15761408
1784594855.529155,15761408
1784594855.782482,15761408
1784594856.036659,15761408
1784594856.2918148,15761408
1784594856.545227,15761408
1784594856.798008,15761408
1784594857.0484748,15761408
1784594857.299134,15761408
1784594857.553219,15761408
1784594857.8083541,15761408
1784594858.060859,15761408
1784594858.3160279,15761408
1784594858.5707772,15761408
1784594858.825907,15761408
1784594859.078332,15761408
1784594859.333507,15761408
1784594859.586645,15761408
1784594859.8417752,15761408
1784594860.092608,15761408
1784594860.344942,15761408
1784594860.600045,15761408
1784594860.8545809,15761408
1784594861.109331,15761408
1784594861.3644512,15761408
1784594861.615346,15761408
1784594861.869689,15761408
1784594862.1236732,15761408
1784594862.3787332,15761408
1784594862.6338189,15761408
1784594862.888661,15761408
1784594863.143779,15761408
1784594863.3949702,15761408
1784594863.65007,15761408
1784594863.903276,15761408
1784594864.158371,15761408
1784594864.411625,15761408
1784594864.666751,15761408
1784594864.921854,15761408
1784594865.172777,15761408
1784594865.425484,15761408
1784594865.680564,15761408
1784594865.935619,15761408
1784594866.190651,15761408
1784594866.441055,15761408
1784594866.696139,15761408
1784594866.948216,15761408
1784594867.2022882,15761408
